{
  "$schema": "https://developer.microsoft.com/json-schemas/spfx-build/package-solution.schema.json",
  "solution": {
    "name": "ace-2-steps-request-client-side-solution",
    "id": "7d61819d-bd08-41eb-8ec2-314be652e827",
    "version": "1.0.0.0",
    "includeClientSideAssets": true,
    "skipFeatureDeployment": true,
    "isDomainIsolated": false,
    "developer": {
      "name": "",
      "websiteUrl": "",
      "privacyUrl": "",
      "termsOfUseUrl": "",
      "mpnId": "Undefined-1.13.0"
    }
  },
  "paths": {
    "zippedPackage": "solution/ace-2-steps-request.sppkg"
  }
}
